,title,frequency
0,Bucket Brotherhood,34
1,Rocketeer Mother,33
2,Ridgemont Submarine,32
3,Juggler Hardly,32
4,Grit Clockwork,32
5,Forward Temple,32
6,Scalawag Duck,32
7,Wife Turn,31
8,Timberland Sky,31
9,Robbers Joon,31
10,Network Peak,31
11,Rush Goodfellas,31
12,Apache Divine,31
13,Hobbit Alien,31
14,Goodfellas Salute,31
15,Zorro Ark,31
16,Rugrats Shakespeare,30
17,Suspects Quills,30
18,Massacre Usual,30
19,Frost Head,30
20,Pulp Beverly,30
21,Witches Panic,30
22,Idols Snatchers,30
23,Muscle Bright,30
24,Dogma Family,30
25,Butterfly Chocolat,30
26,Married Go,30
27,English Bulworth,30
28,Harry Idaho,30
29,Graffiti Love,30
30,Shock Cabin,30
31,Cat Coneheads,30
32,Sweethearts Suspects,29
33,Videotape Arsenic,29
34,Bingo Talented,29
35,Boogie Amelie,29
36,Family Sweet,29
37,Storm Happiness,29
38,Titans Jerk,29
39,Moon Bunch,29
40,Enemy Odds,29
41,Talented Homicide,29
42,Deer Virginian,29
43,Confidential Interview,29
44,Virginian Pluto,29
45,Gleaming Jawbreaker,29
46,Greatest North,29
47,Expendable Stallion,28
48,Saturday Lambs,28
49,Giant Troopers,28
50,Closer Bang,28
51,Gilmore Boiled,28
52,Roses Treasure,28
53,Voyage Legally,28
54,Fatal Haunted,28
55,Handicap Boondock,28
56,Story Side,28
57,Trip Newton,28
58,Camelot Vacation,27
59,Blackout Private,27
60,Lose Inch,27
61,Loathing Legally,27
62,Invasion Cyclone,27
63,Chance Resurrection,27
64,Spy Mile,27
65,None Spiking,27
66,Operation Operation,27
67,Movie Shakespeare,27
68,Swarm Gold,27
69,Wardrobe Phantom,27
70,Primary Glass,27
71,Forrester Comancheros,27
72,Curtain Videotape,27
73,Telegraph Voyage,27
74,Goldmine Tycoon,27
75,Horror Reign,27
76,Dorado Notting,27
77,Princess Giant,27
78,Torque Bound,27
79,Lies Treatment,27
80,Gangs Pride,27
81,Detective Vision,27
82,Range Moonwalker,27
83,Dancing Fever,27
84,Disturbing Scarface,26
85,Fellowship Autumn,26
86,Contact Anonymous,26
87,Fantasy Troopers,26
88,Durham Panky,26
89,Westward Seabiscuit,26
90,Tights Dawn,26
91,Coma Head,26
92,Metropolis Coma,26
93,Pelican Comforts,26
94,Innocent Usual,26
95,Tracy Cider,26
96,Pocus Pulp,26
97,Hanky October,26
98,Island Exorcist,26
99,Stagecoach Armageddon,26
100,Malkovich Pet,26
101,Seabiscuit Punk,26
102,Half Outfield,26
103,Pity Bound,26
104,Hyde Doctor,26
105,Velvet Terminator,26
106,Alaska Phantom,26
107,Brotherhood Blanket,26
108,Working Microcosmos,25
109,Nightmare Chill,25
110,Feud Frogmen,25
111,Clueless Bucket,25
112,Telemark Heartbreakers,25
113,Effect Gladiator,25
114,Trading Pinocchio,25
115,Sun Confessions,25
116,Double Wrath,25
117,Escape Metropolis,25
118,Show Lord,25
119,Dynamite Tarzan,25
120,Streetcar Intentions,25
121,Shepherd Midsummer,25
122,Tomorrow Hustler,25
123,Gun Bonnie,25
124,Samurai Lion,25
125,Hills Neighbors,25
126,Barbarella Streetcar,25
127,Coneheads Smoochy,25
128,Fish Opus,25
129,Oscar Gold,25
130,Mallrats United,25
131,Clash Freddy,25
132,Downhill Enough,25
133,Madness Attacks,25
134,Metal Armageddon,25
135,Slums Duck,24
136,Roman Punk,24
137,Lola Agent,24
138,Celebrity Horn,24
139,Jason Trap,24
140,Orange Grapes,24
141,Knock Warlock,24
142,Bound Cheaper,24
143,Atlantis Cause,24
144,Ice Crossing,24
145,Pacific Amistad,24
146,Color Philadelphia,24
147,Caper Motions,24
148,Horn Working,24
149,Alamo Videotape,24
150,Strangelove Desire,24
151,Mockingbird Hollywood,24
152,Center Dinosaur,24
153,Drifter Commandments,24
154,Shootist Superfly,24
155,Sunrise League,24
156,Maiden Home,24
157,Oz Liaisons,24
158,Gunfight Moon,24
159,Attraction Newton,24
160,Goldfinger Sensibility,24
161,Arachnophobia Rollercoaster,24
162,Sleeping Suspects,24
163,Fargo Gandhi,24
164,Hurricane Affair,24
165,Wedding Apollo,24
166,Jumping Wrath,24
167,Seattle Expecations,24
168,Heavyweights Beast,23
169,Trouble Date,23
170,Aladdin Calendar,23
171,Outbreak Divine,23
172,Strictly Scarface,23
173,Karate Moon,23
174,Women Dorado,23
175,Academy Dinosaur,23
176,Easy Gladiator,23
177,Name Detective,23
178,Yentl Idaho,23
179,Wash Heavenly,23
180,Patton Interview,23
181,Salute Apollo,23
182,Snowman Rollercoaster,23
183,Freddy Storm,23
184,Flamingos Connecticut,23
185,Candles Grapes,23
186,Cupboard Sinners,23
187,Earth Vision,23
188,Steel Santa,23
189,Fool Mockingbird,23
190,House Dynamite,23
191,Scorpion Apollo,23
192,Crooked Frogmen,23
193,Titanic Boondock,23
194,Kwai Homeward,23
195,Murder Antitrust,23
196,Others Soup,23
197,Balloon Homeward,23
198,Carrie Bunch,23
199,Truman Crazy,23
200,Gentlemen Stage,23
201,Affair Prejudice,23
202,Wind Phantom,23
203,Philadelphia Wife,23
204,Homicide Peach,22
205,Volcano Texas,22
206,Snatch Slipper,22
207,Bear Graceland,22
208,American Circus,22
209,Kiss Glory,22
210,Sinners Atlantis,22
211,Flatliners Killer,22
212,Dream Pickup,22
213,Congeniality Quest,22
214,Alter Victory,22
215,Packer Madigan,22
216,High Encino,22
217,Grapes Fury,22
218,Beauty Grease,22
219,Alien Center,22
220,Tourist Pelican,22
221,Queen Luke,22
222,Banger Pinocchio,22
223,Midsummer Groundhog,22
224,Chicken Hellfighters,22
225,Chill Luck,22
226,Head Stranger,22
227,Liaisons Sweet,22
228,Fight Jawbreaker,22
229,Annie Identity,22
230,Shakespeare Saddle,22
231,Falcon Volume,22
232,Borrowers Bedazzled,22
233,Wonderland Christmas,22
234,South Wait,22
235,Eagles Panky,22
236,Blade Polish,22
237,Whisperer Giant,22
238,Sea Virgin,22
239,Maltese Hope,22
240,Hustler Party,22
241,Angels Life,22
242,Haunting Pianist,22
243,Deceiver Betrayed,21
244,Splendor Patton,21
245,Anaconda Confessions,21
246,Suit Walls,21
247,Brooklyn Desert,21
248,Fireball Philadelphia,21
249,Christmas Moonshine,21
250,Badman Dawn,21
251,Mourning Purple,21
252,Undefeated Dalmations,21
253,Resurrection Silverado,21
254,Amistad Midsummer,21
255,Vacation Boondock,21
256,Highball Potter,21
257,Coast Rainbow,21
258,Amadeus Holy,21
259,Agent Truman,21
260,Unbreakable Karate,21
261,Chainsaw Uptown,21
262,Lebowski Soldiers,21
263,Moonshine Cabin,21
264,Driving Polish,21
265,Wait Cider,21
266,Open African,21
267,Excitement Eve,21
268,Berets Agent,21
269,Star Operation,21
270,Arizona Bang,21
271,Doom Dancing,21
272,Crossroads Casualties,21
273,Calendar Gunfight,21
274,Secret Groundhog,21
275,Wolves Desire,21
276,Grease Youth,21
277,Divide Monster,21
278,Pianist Outfield,21
279,Blues Instinct,21
280,Sleepy Japanese,21
281,Chariots Conspiracy,21
282,Cause Date,21
283,Dracula Crystal,21
284,Beverly Outlaw,21
285,Ghost Groundhog,21
286,Armageddon Lost,21
287,Fidelity Devil,21
288,Sabrina Midnight,21
289,Egg Igby,21
290,Empire Malkovich,21
291,Sting Personal,21
292,Basic Easy,21
293,Pirates Roxanne,21
294,Sleuth Orient,21
